Workbook

Sheet ad_performance_dataset
A1: Date | B1: Campaign_Name | C1: Platform | D1: Ad_Creative_Type | E1: Audience_Segment | F1: Impressions | G1: Clicks | H1: Conversions | I1: Spend | J1: Revenue | K1: CTR | L1: Conversion Rate | M1: CPC | N1: CPA | O1: ROAS | P1: Profit/Loss | Q1: Efficiency_Status
A2: 45292 | B2: Campaign 1 | C2: Instagram | D2: Video | E2: Gen Z | F2: 1930 | G2: 49 | H2: 6 | I2: 96.47 | J2: 433.75 | K2: =G2/F2 -> 0.025388601 | L2: =IF(G2=0,0,H2/G2) -> 0.12244898 | M2: =IF(G2=0,0,I2/G2) -> 1.9687755 | N2: =IF(H2=0,0,I2/H2) -> 16.078333 | O2: =IF(I2=0,0,J2/I2) -> 4.4962164 | P2: =J2-I2 -> 337.28 | Q2: =IF(AND(N2<26.94,O2>3.57),"Efficient", "Inefficient") -> Efficient
A3: 45292 | B3: Campaign 1 | C3: Instagram | D3: Video | E3: Millennials | F3: 3667 | G3: 79 | H3: 10 | I3: 184 | J3: 854.04 | K3: =G3/F3 -> 0.021543496 | L3: =IF(G3=0,0,H3/G3) -> 0.12658228 | M3: =IF(G3=0,0,I3/G3) -> 2.3291139 | N3: =IF(H3=0,0,I3/H3) -> 18.4 | O3: =IF(I3=0,0,J3/I3) -> 4.6415217 | P3: =J3-I3 -> 670.04 | Q3: =IF(AND(N3<26.94,O3>3.57),"Efficient", "Inefficient") -> Efficient
A4: 45292 | B4: Campaign 1 | C4: Instagram | D4: Video | E4: Gen X | F4: 380 | G4: 8 | H4: 0 | I4: 24.93 | J4: 0 | K4: =G4/F4 -> 0.021052632 | L4: =IF(G4=0,0,H4/G4) -> 0 | M4: =IF(G4=0,0,I4/G4) -> 3.11625 | N4: =IF(H4=0,0,I4/H4) -> 0 | O4: =IF(I4=0,0,J4/I4) -> 0 | P4: =J4-I4 -> -24.93 | Q4: =IF(AND(N4<26.94,O4>3.57),"Efficient", "Inefficient") -> Inefficient
A5: 45292 | B5: Campaign 1 | C5: Instagram | D5: Image | E5: Gen Z | F5: 4025 | G5: 31 | H5: 0 | I5: 187.97 | J5: 0 | K5: =G5/F5 -> 0.0077018634 | L5: =IF(G5=0,0,H5/G5) -> 0 | M5: =IF(G5=0,0,I5/G5) -> 6.0635484 | N5: =IF(H5=0,0,I5/H5) -> 0 | O5: =IF(I5=0,0,J5/I5) -> 0 | P5: =J5-I5 -> -187.97 | Q5: =IF(AND(N5<26.94,O5>3.57),"Efficient", "Inefficient") -> Inefficient
A6: 45292 | B6: Campaign 1 | C6: Instagram | D6: Image | E6: Millennials | F6: 1237 | G6: 17 | H6: 0 | I6: 44.66 | J6: 0 | K6: =G6/F6 -> 0.013742926 | L6: =IF(G6=0,0,H6/G6) -> 0 | M6: =IF(G6=0,0,I6/G6) -> 2.6270588 | N6: =IF(H6=0,0,I6/H6) -> 0 | O6: =IF(I6=0,0,J6/I6) -> 0 | P6: =J6-I6 -> -44.66 | Q6: =IF(AND(N6<26.94,O6>3.57),"Efficient", "Inefficient") -> Inefficient
A7: 45292 | B7: Campaign 1 | C7: Instagram | D7: Image | E7: Gen X | F7: 144 | G7: 0 | H7: 0 | I7: 5.79 | J7: 0 | K7: =G7/F7 -> 0 | L7: =IF(G7=0,0,H7/G7) -> 0 | M7: =IF(G7=0,0,I7/G7) -> 0 | N7: =IF(H7=0,0,I7/H7) -> 0 | O7: =IF(I7=0,0,J7/I7) -> 0 | P7: =J7-I7 -> -5.79 | Q7: =IF(AND(N7<26.94,O7>3.57),"Efficient", "Inefficient") -> Inefficient
A8: 45292 | B8: Campaign 1 | C8: Instagram | D8: Carousel | E8: Gen Z | F8: 2264 | G8: 24 | H8: 1 | I8: 69.17 | J8: 53.25 | K8: =G8/F8 -> 0.010600707 | L8: =IF(G8=0,0,H8/G8) -> 0.041666667 | M8: =IF(G8=0,0,I8/G8) -> 2.8820833 | N8: =IF(H8=0,0,I8/H8) -> 69.17 | O8: =IF(I8=0,0,J8/I8) -> 0.76984242 | P8: =J8-I8 -> -15.92 | Q8: =IF(AND(N8<26.94,O8>3.57),"Efficient", "Inefficient") -> Inefficient
A9: 45292 | B9: Campaign 1 | C9: Instagram | D9: Carousel | E9: Millennials | F9: 2217 | G9: 63 | H9: 3 | I9: 89.45 | J9: 152.39 | K9: =G9/F9 -> 0.028416779 | L9: =IF(G9=0,0,H9/G9) -> 0.047619048 | M9: =IF(G9=0,0,I9/G9) -> 1.4198413 | N9: =IF(H9=0,0,I9/H9) -> 29.816667 | O9: =IF(I9=0,0,J9/I9) -> 1.7036333 | P9: =J9-I9 -> 62.94 | Q9: =IF(AND(N9<26.94,O9>3.57),"Efficient", "Inefficient") -> Inefficient
A10: 45292 | B10: Campaign 1 | C10: Instagram | D10: Carousel | E10: Gen X | F10: 498 | G10: 11 | H10: 0 | I10: 14.13 | J10: 0 | K10: =G10/F10 -> 0.022088353 | L10: =IF(G10=0,0,H10/G10) -> 0 | M10: =IF(G10=0,0,I10/G10) -> 1.2845455 | N10: =IF(H10=0,0,I10/H10) -> 0 | O10: =IF(I10=0,0,J10/I10) -> 0 | P10: =J10-I10 -> -14.13 | Q10: =IF(AND(N10<26.94,O10>3.57),"Efficient", "Inefficient") -> Inefficient
A11: 45292 | B11: Campaign 1 | C11: TikTok | D11: Video | E11: Gen Z | F11: 6613 | G11: 312 | H11: 23 | I11: 350.33 | J11: 1508.47 | K11: =G11/F11 -> 0.047179797 | L11: =IF(G11=0,0,H11/G11) -> 0.073717949 | M11: =IF(G11=0,0,I11/G11) -> 1.1228526 | N11: =IF(H11=0,0,I11/H11) -> 15.231739 | O11: =IF(I11=0,0,J11/I11) -> 4.3058545 | P11: =J11-I11 -> 1158.14 | Q11: =IF(AND(N11<26.94,O11>3.57),"Efficient", "Inefficient") -> Efficient
A12: 45292 | B12: Campaign 1 | C12: TikTok | D12: Video | E12: Millennials | F12: 956 | G12: 25 | H12: 2 | I12: 23.15 | J12: 184.23 | K12: =G12/F12 -> 0.026150628 | L12: =IF(G12=0,0,H12/G12) -> 0.08 | M12: =IF(G12=0,0,I12/G12) -> 0.926 | N12: =IF(H12=0,0,I12/H12) -> 11.575 | O12: =IF(I12=0,0,J12/I12) -> 7.9580994 | P12: =J12-I12 -> 161.08 | Q12: =IF(AND(N12<26.94,O12>3.57),"Efficient", "Inefficient") -> Efficient
A13: 45292 | B13: Campaign 1 | C13: TikTok | D13: Video | E13: Gen X | F13: 327 | G13: 15 | H13: 2 | I13: 16.36 | J13: 192.19 | K13: =G13/F13 -> 0.04587156 | L13: =IF(G13=0,0,H13/G13) -> 0.13333333 | M13: =IF(G13=0,0,I13/G13) -> 1.0906667 | N13: =IF(H13=0,0,I13/H13) -> 8.18 | O13: =IF(I13=0,0,J13/I13) -> 11.747555 | P13: =J13-I13 -> 175.83 | Q13: =IF(AND(N13<26.94,O13>3.57),"Efficient", "Inefficient") -> Efficient
... A9883: 45657 | B9883: Campaign 2 | C9883: Facebook | D9883: Carousel | E9883: Gen X | F9883: 5511 | G9883: 57 | H9883: 3 | I9883: 94.96 | J9883: 287.82 | K9883: =G9883/F9883 -> 0.01034295 | L9883: =IF(G9883=0,0,H9883/G9883) -> 0.052631579 | M9883: =IF(G9883=0,0,I9883/G9883) -> 1.6659649 | N9883: =IF(H9883=0,0,I9883/H9883) -> 31.653333 | O9883: =IF(I9883=0,0,J9883/I9883) -> 3.0309604 | P9883: =J9883-I9883 -> 192.86 | Q9883: =IF(AND(N9883<26.94,O9883>3.57),"Efficient", "Inefficient") -> Inefficient

Sheet Pivot Tables and Charts
A1: Pivot Tables
A2: Row Labels | B2: Average of ROAS
A3: Facebook | B3: 4.0413257
A4: Instagram | B4: 3.4720272 | E4: Row Labels | F4: Sum of Profit/Loss | G4: Sum of Revenue | H4: Sum of Spend
A5: TikTok | B5: 3.2017758 | E5: Campaign 1 | F5: 509561.51 | G5: 901531.78 | H5: 391970.27
A6: Grand Total | B6: 3.5717096 | E6: Campaign 3 | F6: 959230.29 | G6: 1167758.6 | H6: 208528.36
E7: Campaign 2 | F7: 1260905.8 | G7: 1621164.5 | H7: 360258.72
E8: Grand Total | F8: 2729697.6 | G8: 3690455 | H8: 960757.35
A9: Row Labels | B9: Average of Conversion Rate | C9: Sum of Clicks
A10: Gen X | B10: 0.028562088 | C10: 98633 | E10: Row Labels | F10: Average of ROAS
A11: Gen Z | B11: 0.049926377 | C11: 357132 | E11: Campaign 1 | F11: 1.9830513
A12: Millennials | B12: 0.046058056 | C12: 275881 | E12: Campaign 3 | F12: 5.4042857
A13: Grand Total | B13: 0.041515507 | C13: 731646 | E13: Campaign 2 | F13: 4.1690788
E14: Grand Total | F14: 3.5717096
A15: Row Labels | B15: Average of CTR
A16: Carousel | B16: 0.01946285
A17: Image | B17: 0.011915136 | E17: Count of Efficiency_Status | F17: Column Labels
A18: Video | B18: 0.034128032 | E18: Row Labels | F18: Efficient | G18: Inefficient | H18: Grand Total
A19: Grand Total | B19: 0.021835339 | E19: Campaign 1 | F19: 858 | G19: 3246 | H19: 4104
E20: Campaign 3 | F20: 1045 | G20: 1439 | H20: 2484
E21: Campaign 2 | F21: 1197 | G21: 2097 | H21: 3294
E22: Grand Total | F22: 3100 | G22: 6782 | H22: 9882
A25: Pivot Charts

Sheet Calculations
B2: Profit Percentage of Each Campaign
B3: Campaign 2 | C3: =GETPIVOTDATA("Sum of Profit/Loss",'Pivot Tables and Charts'!$E$4,"Campaign_Name","Campaign 2")/GETPIVOTDATA("Sum of Revenue",'Pivot Tables and Charts'!$E$4,"Campaign_Name","Campaign 2")*100 -> 77.777782
B4: Campaign 1 | C4: =GETPIVOTDATA("Sum of Profit/Loss",'Pivot Tables and Charts'!$E$4,"Campaign_Name","Campaign 1")/GETPIVOTDATA("Sum of Revenue",'Pivot Tables and Charts'!$E$4,"Campaign_Name","Campaign 1")*100 -> 56.521747
B5: Campaign 3 | C5: =GETPIVOTDATA("Sum of Profit/Loss",'Pivot Tables and Charts'!$E$4,"Campaign_Name","Campaign 3")/GETPIVOTDATA("Sum of Revenue",'Pivot Tables and Charts'!$E$4,"Campaign_Name","Campaign 3")*100 -> 82.142855
B6: Mean | C6: 72.15
B8: Average CPA & ROAS
B9: CPA | C9: =AVERAGE(ad_performance_dataset!N2:N9883) -> 26.944877
B10: ROAS | C10: =AVERAGE(ad_performance_dataset!O2:O9883) -> 3.5717096
B12: Efficiency Ratio of Each Campaign
B13: Campaign 2 | C13: =GETPIVOTDATA("Efficiency_Status",'Pivot Tables and Charts'!$E$17,"Campaign_Name","Campaign 2","Efficiency_Status","Efficient")/GETPIVOTDATA("Efficiency_Status",'Pivot Tables and Charts'!$E$17,"Campaign_Name","Campaign 2") -> 0.36338798
B14: Campaign 1 | C14: =GETPIVOTDATA("Efficiency_Status",'Pivot Tables and Charts'!$E$17,"Campaign_Name","Campaign 1","Efficiency_Status","Efficient")/GETPIVOTDATA("Efficiency_Status",'Pivot Tables and Charts'!$E$17,"Campaign_Name","Campaign 1") -> 0.20906433
B15: Campaign 3 | C15: =GETPIVOTDATA("Efficiency_Status",'Pivot Tables and Charts'!$E$17,"Campaign_Name","Campaign 3","Efficiency_Status","Efficient")/GETPIVOTDATA("Efficiency_Status",'Pivot Tables and Charts'!$E$17,"Campaign_Name","Campaign 3") -> 0.42069243
